job_id,job_role,location,level,experience,salary_min,salary_max,salary_mid,python,java,javascript,sql,aws,remote,posted_date,source,url,raw_title,raw_skills
35C8985E,Other,Khác,Unknown,1.0,0.59,0.88,0.73,0,0,0,0,0,0,2026-10-05T10:59:05.053Z,CareerViet,https://careerviet.vn/vi/tim-viec-lam/careerbiulder-vn-testing-edit.35C8985E.html,CareerBiulder.VN TESTING EDIT,
35C89854,Other,Khác,Unknown,1.0,0.59,0.88,0.73,0,0,0,0,0,0,2026-10-05T10:53:05.012Z,CareerViet,https://careerviet.vn/vi/tim-viec-lam/careerbiulder-vn-testing.35C89854.html,CareerBiulder.VN TESTING,
35C89862,Other,Khác,Unknown,1.0,0.59,0.88,0.73,0,0,0,0,0,0,2026-10-05T11:01:59.633Z,CareerViet,https://careerviet.vn/vi/tim-viec-lam/careerbiulder-vn-testing-edit.35C89862.html,CareerBiulder.VN TESTING EDIT,
35C8985A,Other,Khác,Unknown,1.0,0.59,0.88,0.73,0,0,0,0,0,0,2026-10-05T10:56:46.367Z,CareerViet,https://careerviet.vn/vi/tim-viec-lam/careerbiulder-vn-testing-edit.35C8985A.html,CareerBiulder.VN TESTING EDIT,
35C86BD3,QA/Tester,Hồ Chí Minh,Middle,2.0,15.0,24.0,19.5,0,0,0,0,0,0,2026-09-11T09:19:48.512Z,CareerViet,https://careerviet.vn/vi/tim-viec-lam/qc-software-tester-middle-he-thong-quan-ly-benh-vien-his.35C86BD3.html,QC / SOFTWARE TESTER (MIDDLE) - HỆ THỐNG QUẢN LÝ BỆNH VIỆN (HIS),"QC / SOFTWARE TESTER MIDDLE - HỆ THỐNG QUẢN LÝ BỆNH VIỆN HIS, Nhân viên kiểm thử phần mềm, QC Engineer, QA Engineer, Quality Control, Tester, nhân viên quản lý chất lượng phần mềm, nhân viên kiểm định phần mềm"
35C81BBB,QA/Tester,Nhiều địa điểm,Manager,5.0,30.0,40.0,35.0,0,0,0,0,0,0,2026-10-02T22:00:37.444Z,CareerViet,https://careerviet.vn/vi/tim-viec-lam/truong-bo-phan-ky-su-qa-qc-du-an-dam-ha.35C81BBB.html,Trưởng bộ phận Kỹ sư QA/QC (Dự án Đầm Hà),"Kỹ sư QA QC, Trưởng Bộ Phận Qs, Chuyên viên QS"
35C8612C,QA/Tester,Hồ Chí Minh,Experienced,2.0,13.0,18.0,15.5,0,0,0,0,0,0,2026-09-27T20:04:44.451Z,CareerViet,https://careerviet.vn/vi/tim-viec-lam/hcm-process-and-quality-control-engineer.35C8612C.html,[HCM] Process and Quality Control  Engineer,
35C86573,Other,Hồ Chí Minh,Senior,5.0,20.0,30.0,25.0,0,0,0,0,0,0,2026-09-29T20:03:27.497Z,CareerViet,https://careerviet.vn/vi/tim-viec-lam/senior-sales-executive-testing-services.35C86573.html,SENIOR SALES EXECUTIVE - TESTING SERVICES,
35C81945,Other,Hồ Chí Minh,Senior,3.0,15.0,15.0,15.0,0,0,0,0,0,0,2026-09-29T22:00:57.371Z,CareerViet,https://careerviet.vn/vi/tim-viec-lam/senior-technical-specialist-chemical-testing-non-food.35C81945.html,Senior Technical Specialist – Chemical Testing (Non-food),"Giám sát M&E, Kỹ sư giám sát thiết kế điện, Nhân viên điện công trình, Kỹ sư điện, Kỹ sư giám sát điện, Electrical Engineer, Kỹ sư cơ điện công trình, Kỹ Sư M&E, M&E Engineer, Kỹ sư thiết kế hệ thống điện"
35C8806D,Other,Hồ Chí Minh,Experienced,2.0,20.0,30.0,25.0,0,0,0,0,0,0,2026-09-28T20:02:20.553Z,CareerViet,https://careerviet.vn/vi/tim-viec-lam/qc-engineer.35C8806D.html,QC Engineer,"QC Engineer, Software Tester, Nhân viên kiểm thử phần mềm, QA Engineer, Quality Control, Tester, nhân viên quản lý chất lượng phần mềm, nhân viên kiểm định phần mềm"
35C833AE,QA/Tester,Nhiều địa điểm,Experienced,3.0,14.0,16.0,15.0,0,0,0,0,0,0,2026-09-13T22:01:29.868Z,CareerViet,https://careerviet.vn/vi/tim-viec-lam/qa-staff-machinery-work-in-ben-cat-binh-duong.35C833AE.html,"QA Staff (Machinery, work in Ben Cat - Binh Duong)","QA Staff Machinery work in Ben Cat - Binh Duong, Nhân viên KCS, Nhân viên quản lý chất lượng, Quality Controler, Quality Assurance Engineer, QA/QC staff, Nhân viên QA/QC, seifuku kako"
35C7F13C,QA/Tester,Hồ Chí Minh,Experienced,1.0,10.0,30.0,20.0,0,0,0,0,0,0,2026-09-13T22:02:15.691Z,CareerViet,https://careerviet.vn/vi/tim-viec-lam/garment-quality-assurance.35C7F13C.html,Garment Quality Assurance,"Garment Quality Inspector, Quality Assurance Staff (QA Staff), QA/QC Staff, QA Staff, Nhân viên kiểm tra chất lượng ngành hàng may mặc, Nhân viên kiểm tra chất lượng ngành may mặc"
35C80757,Other,Nhiều địa điểm,Experienced,1.0,17.0,25.0,21.0,0,0,0,0,0,0,2026-09-21T22:02:04.955Z,CareerViet,https://careerviet.vn/vi/tim-viec-lam/qc-engineer-nhan-vien-qc-co-khi-xay-lap-che-tao.35C80757.html,QC Engineer / Nhân Viên QC - (Cơ Khí Xây Lắp & Chế Tạo),"Nhân Viên QC, Nhân viên quản lý chất lượng, Nhân viên chất lượng, QC Staff, PRODUCTION PLANNING STAFF, Thẩm tra đánh giá, Nhân viên ISO, Chuyên viên ISO, Giám sát chất lượng"
35C869A5,QA/Tester,Hồ Chí Minh,Lead,3.0,25.0,35.0,30.0,0,0,0,0,0,0,2026-09-30T20:04:47.978Z,CareerViet,https://careerviet.vn/vi/tim-viec-lam/to-truong-tham-dinh-qa-qa-validation-team-leader.35C869A5.html,Tổ Trưởng Thẩm Định QA (QA Validation Team Leader),"Team Leader, Supervisor, Trưởng phòng quản lý chất lượng, Senior QA/QC Specialist"
35C7E390,Other,Hà Nội,Manager,2.0,30.0,40.0,35.0,0,0,0,0,0,0,2026-09-08T22:01:52.935Z,CareerViet,https://careerviet.vn/vi/tim-viec-lam/132393-marketing-leader-it.35C7E390.html,132393 - Marketing Leader- IT,"- Marketing Leader- IT, Head of Marketing and Communication, Trưởng nhóm Marketing, Marketing Supervisor, Trưởng phòng Marketing, Makerting Manager, Giám đốc Marketing, Giám đốc truyền thông & tiếp thị"
35C8873E,Other,Hà Nội,Experienced,2.0,25.0,50.0,37.5,0,0,0,0,0,0,2026-10-01T20:00:37.389Z,CareerViet,https://careerviet.vn/vi/tim-viec-lam/ai-digital-transformation-consultant-internal-innovation-client-advisory.35C8873E.html,AI & DIGITAL TRANSFORMATION CONSULTANT – INTERNAL INNOVATION & CLIENT ADVISORY,
35C882B7,Machine Learning Engineer,Đồng Nai,Experienced,3.0,13.0,19.0,16.0,0,0,0,0,0,0,2026-09-29T20:00:54.352Z,CareerViet,https://careerviet.vn/vi/tim-viec-lam/ai-engineer-long-tha-nh-do-ng-nai-28944.35C882B7.html,"AI Engineer - Long Thành, Đồng Nai 28944",
35C88490,Other,Hà Nội,Unknown,3.0,60.0,70.0,65.0,0,0,0,0,0,0,2026-10-03T20:00:18.582Z,CareerViet,https://careerviet.vn/vi/tim-viec-lam/ai-engineering-director-education.35C88490.html,AI & Engineering Director (Education),"AI & Engineering, Education, bks software center"
35C8645A,Other,Hà Nội,Senior,4.0,20.0,40.0,30.0,0,0,0,0,0,0,2026-09-28T20:05:34.290Z,CareerViet,https://careerviet.vn/vi/tim-viec-lam/ai-tech-lead-senior.35C8645A.html,AI TECH LEAD - Senior,"AI TECH LEAD - Senior, AI Lead, AI Tech Lead, AI Engineer, Senior AI Engineer, AI Agent"
35C88768,Backend Developer,Hà Nội,Experienced,1.0,20.0,50.0,35.0,0,0,0,1,0,0,2026-10-01T20:00:38.107Z,CareerViet,https://careerviet.vn/vi/tim-viec-lam/all-level-backend-engineer-java-spring-boot-khoi-cong-nghe-thong-tin-2025td1785.35C88768.html,"[All level] BackEnd Engineer (Java, Spring Boot) - Khối Công nghệ thông tin (2025TD1785)","spring core, spring sercuity, spring boots, Oracle, Sqlserver, PostgreSQL, Mongodb, MySQL, Redis"
35C8620D,Other,Hồ Chí Minh,Junior,2.0,50.0,70.0,60.0,0,0,0,0,0,0,2026-09-27T20:04:53.749Z,CareerViet,https://careerviet.vn/vi/tim-viec-lam/art-director-junior-art-director-kb.35C8620D.html,Art Director / Junior Art Director [KB],"Art Director / Junior Art Director [KB], Giám đốc nghệ thuật, Chỉ đạo nghệ thuật, Giám đốc thiết kế, Creative Director, Giám đốc sáng tạo"
35C87E47,QA/Tester,Hà Nội,Experienced,4.0,35.0,35.0,35.0,0,0,0,0,0,0,2026-09-28T20:01:31.787Z,CareerViet,https://careerviet.vn/vi/tim-viec-lam/automation-tester-erp-playwright-typescript.35C87E47.html,"Automation Tester (ERP) – Playwright, TypeScript)","Automation Tester (ERP) – Playwright, TypeScript)"
35C856B6,Business Analyst,Hồ Chí Minh,Experienced,1.0,15.0,20.0,17.5,0,0,0,0,0,0,2026-09-13T20:01:29.278Z,CareerViet,https://careerviet.vn/vi/tim-viec-lam/business-analyst-chuyen-vien-phan-tich-nghiep-vu.35C856B6.html,BUSINESS ANALYST/ Chuyên Viên Phân Tích Nghiệp Vụ,"BUSINESS ANALYST/ Chuyên Viên Phân Tích Nghiệp Vụ, Financial Analyst, IT Business Analyst"
35C88E7B,Business Analyst,Hà Nội,Experienced,2.0,18.0,22.0,20.0,0,0,0,0,0,0,2026-09-30T07:44:45.657Z,CareerViet,https://careerviet.vn/vi/tim-viec-lam/business-analyst.35C88E7B.html,Business Analyst,"business analyst, chuyên viên phân tích nghiệp vụ, phân tích nghiệp vụ, ERP"
35C87EC6,Other,Nhiều địa điểm,Experienced,2.0,15.0,35.0,25.0,0,0,0,0,0,0,2026-09-29T20:00:57.936Z,CareerViet,https://careerviet.vn/vi/tim-viec-lam/chuyen-gia-danh-gia-dao-tao-iso.35C87EC6.html,CHUYÊN GIA ĐÁNH GIÁ/ĐÀO TẠO ISO,"CHUYÊN GIA ĐÁNH GIÁ/ĐÀO TẠO ISO, Auditor, Assessor, Evaluator, Chuyên gia đánh giá chất lượng, Lead Auditor"
35C8924B,Other,Hà Nội,Experienced,3.0,15.0,25.0,20.0,0,0,0,0,0,0,2026-10-02T02:57:52.817Z,CareerViet,https://careerviet.vn/vi/tim-viec-lam/chuyen-vien-bi-business-intelligence.35C8924B.html,Chuyên viên BI (Business Intelligence),"web product mananger, IT product mananger, IT Business Support Analyst, Software Business Analyst, Phân Tích Hệ Thống Kinh Doanh"
35C88AC6,Other,Bà Rịa - Vũng Tàu,Experienced,3.0,20.0,50.0,35.0,0,0,0,0,0,0,2026-09-29T01:07:13.474Z,CareerViet,https://careerviet.vn/vi/tim-viec-lam/chuyen-vien-cntt-mang-ai.35C88AC6.html,Chuyên viên CNTT (Mảng AI),"Nhân viên IT triển khai phần mềm, SAP IT Specialist ABAP, Kỹ thuật viên IT, Kỹ sư hệ thống, System Engineer"
35C88388,Other,Hà Nội,Manager,4.0,15.0,15.0,15.0,0,0,0,0,0,0,2026-09-30T20:01:22.819Z,CareerViet,https://careerviet.vn/vi/tim-viec-lam/chuyen-vien-cong-nghe-thong-tin-it-executive.35C88388.html,CHUYÊN VIÊN CÔNG NGHỆ THÔNG TIN (IT EXECUTIVE),"Trưởng Nhóm Quản lý lớp học tại trường THPT, Team Leader, Supervisor, Trưởng Tổ Nhóm"
35C86233,Other,Hà Nội,Experienced,1.0,20.0,20.0,20.0,0,0,0,0,0,0,2026-09-27T20:04:25.635Z,CareerViet,https://careerviet.vn/vi/tim-viec-lam/chuyen-vien-dam-bao-hoat-dong-ha-tang-thiet-bi.35C86233.html,Chuyên viên Đảm Bảo Hoạt Động Hạ Tầng Thiết Bị,"Chuyên viên Đảm Bảo Hoạt Động Hạ Tầng Thiết Bị, IT, CNTT"
35C87448,Other,Hà Nội,Experienced,1.0,10.0,17.0,13.5,0,0,0,0,0,0,2026-09-29T20:01:38.222Z,CareerViet,https://careerviet.vn/vi/tim-viec-lam/chuyen-vien-dao-tao-learning-development.35C87448.html,Chuyên Viên Đào Tạo (Learning & Development),
35C88F14,Other,Hà Nội,Experienced,3.0,18.0,25.0,21.5,0,0,0,0,0,0,2026-09-30T09:32:44.045Z,CareerViet,https://careerviet.vn/vi/tim-viec-lam/chuyen-vien-it-ha-tang.35C88F14.html,CHUYÊN VIÊN IT HẠ TẦNG,"CHUYÊN VIÊN IT HẠ TẦNG, Nhân viên IT, IT Engineer, IT Specialist, IT support, IT Supervisor, IT Officer, IT Executive, IT Staff, Infra Engineer"
35C88A9E,Other,Hà Nội,Experienced,2.0,25.0,32.0,28.5,0,0,0,0,0,0,2026-10-04T20:00:53.755Z,CareerViet,https://careerviet.vn/vi/tim-viec-lam/chuyen-vien-it-he-thong-va-van-hanh-ai.35C88A9E.html,CHUYÊN VIÊN IT HỆ THỐNG VÀ VẬN HÀNH AI,"CHUYÊN VIÊN IT HỆ THỐNG VÀ VẬN HÀNH AI, Nhân viên IT, IT Engineer, IT Specialist, IT support, IT Supervisor, IT Helpdesk, IT Officer, IT Executive, IT Staff"
35C86C17,IT Support,Hồ Chí Minh,Experienced,2.0,9.0,14.0,11.5,0,0,0,0,0,1,2026-09-15T13:05:15.218Z,CareerViet,https://careerviet.vn/vi/tim-viec-lam/chuyen-vien-it-support-helpdesk.35C86C17.html,Chuyên viên IT Support/Helpdesk,"Nhân viên IT, IT Engineer, IT Specialist, IT support, IT Supervisor, nhân viên tin học, IT Helpdesk, IT Officer, IT Executive, IT Staff"
35C86113,Other,Hồ Chí Minh,Manager,4.0,20.0,25.0,22.5,0,0,0,0,0,0,2026-09-08T01:42:40.298Z,CareerViet,https://careerviet.vn/vi/tim-viec-lam/chuyen-vien-it.35C86113.html,CHUYÊN VIÊN IT,
35C873C4,Other,Hà Nội,Experienced,2.0,15.0,20.0,17.5,0,0,0,0,0,0,2026-09-29T20:01:35.922Z,CareerViet,https://careerviet.vn/vi/tim-viec-lam/chuyen-vien-kiem-thu-phan-mem-du-an-meey-chat.35C873C4.html,Chuyên Viên Kiểm Thử Phần Mềm (Dự Án Meey Chat),"Chuyên Viên Kiểm Thử Phần Mềm Dự Án Meey Chat, Chuyên viên kiểm định phần mềm, Nhân viên kiểm thử phần mềm, Software Tester, Tester"
35C871E0,Other,Hà Nội,Experienced,1.0,15.0,30.0,22.5,0,0,0,0,0,0,2026-09-28T20:04:21.599Z,CareerViet,https://careerviet.vn/vi/tim-viec-lam/chuyen-vien-kinh-doanh.35C871E0.html,Chuyên viên kinh doanh,"Đại Diện Kinh Doanh Thương Mại, Chuyên Viên Kinh Doanh Thiết Bị Nhiệt, Boutique Sales Associate, Accounts Officer, Account Representative, Nhân viên điều phối khách hàng"
35C83733,.NET Developer,Hà Nội,Experienced,1.0,15.0,25.0,20.0,0,0,0,0,0,0,2026-09-16T22:01:38.842Z,CareerViet,https://careerviet.vn/vi/tim-viec-lam/chuyen-vien-lap-trinh-software-developer-net-angular.35C83733.html,Chuyên viên Lập trình - Software Developer (.NET/Angular),"Chuyên viên Lập trình - Software Developer .NET/Angular, lập trình viên, web developer, web programmer, Chuyên viên lập trình, Software Developer, .NET/Angular"
35C88C1F,Other,Hà Nội,Experienced,1.0,15.0,20.0,17.5,0,0,0,0,0,0,2026-09-29T07:35:24.892Z,CareerViet,https://careerviet.vn/vi/tim-viec-lam/chuyen-vien-mua-hang-purchasing-specialist.35C88C1F.html,Chuyên Viên Mua Hàng (Purchasing Specialist),"Chuyên Viên Mua Hàng Purchasing Specialist, Buyer, Nhân viên thu mua, Nhân viên mua hàng, Purchasing officer, Purchasing staff, Purchasing Executive, Purchasing Coordinator, Purchasing"
35C7F9DD,Other,Long An,Experienced,3.0,20.0,30.0,25.0,0,0,0,0,0,0,2026-09-15T22:01:35.326Z,CareerViet,https://careerviet.vn/vi/tim-viec-lam/chuyen-vien-phat-trien-du-lieu.35C7F9DD.html,Chuyên viên phát triển dữ liệu,"Chuyên viên phát triển dữ liệu, IT, data, Data Analysis"
35C871E9,Other,Long An,Experienced,2.0,12.0,14.0,13.0,0,0,0,0,0,0,2026-09-28T20:02:38.769Z,CareerViet,https://careerviet.vn/vi/tim-viec-lam/chuyen-vien-quan-ly-he-thong-vms.35C871E9.html,Chuyên viên quản lý hệ thống VMS,Chuyên viên quản lý hệ thống VMS
35C86E8A,Other,Hà Nội,Experienced,3.0,18.0,26.0,22.0,0,0,0,0,0,0,2026-10-04T20:02:54.449Z,CareerViet,https://careerviet.vn/vi/tim-viec-lam/chuyen-vien-quan-tri-he-thong-admin-system.35C86E8A.html,Chuyên viên Quản trị hệ thống- Admin System,"Chuyên viên Quản trị hệ thống- Admin System, Network and Infrastructure, Quản trị mạng, Network Administrator, Network Engineer, Network system, IT Network Supervisor, Network Admin, IT Networking, Kỹ sư hệ thống mạng"
35C832FF,Other,Hà Nội,Experienced,3.0,20.0,35.0,27.5,0,0,0,0,0,0,2026-09-14T22:00:18.390Z,CareerViet,https://careerviet.vn/vi/tim-viec-lam/chuyen-vien-quan-tri-he-thong-va-mang.35C832FF.html,Chuyên viên Quản trị Hệ thống và Mạng,"Chuyên viên Quản trị Hệ thống và Mạng, Network and Infrastructure, Quản trị mạng, Network Administrator, Network Engineer, Network system, IT Network Supervisor, Network Admin, IT Networking, Kỹ sư hệ thống mạng"
35C7F952,Other,Hà Nội,Experienced,1.0,15.0,25.0,20.0,0,0,0,0,0,0,2026-09-15T22:00:43.474Z,CareerViet,https://careerviet.vn/vi/tim-viec-lam/chuyen-vien-quan-tri-he-thong.35C7F952.html,Chuyên viên Quản trị hệ thống,
35C805F0,Other,Hà Nội,Experienced,2.0,25.0,25.0,25.0,0,0,0,0,0,0,2026-09-21T22:00:59.504Z,CareerViet,https://careerviet.vn/vi/tim-viec-lam/chuyen-vien-trien-khai-phan-mem.35C805F0.html,Chuyên Viên Triển Khai Phần Mềm,"AI, Công nghệ Thông tin, Triển khai phần mềm, Đào tạo sử dụng ứng dụng"
35C7F95A,Other,Hà Nội,Experienced,3.0,15.0,35.0,25.0,0,0,0,0,0,0,2026-09-15T22:00:28.334Z,CareerViet,https://careerviet.vn/vi/tim-viec-lam/chuyen-vien-tu-van-giai-phap-presales.35C7F95A.html,Chuyên viên Tư vấn giải pháp (Presales),"Chuyên viên Tư vấn giải pháp Presales, Nhân viên tư vấn, Tư vấn viên, Consultant, Counsellor, Consultant Executive, Kỹ Sư Tư Vấn Giải Pháp Công Nghệ Thông Tin"
35C84988,Other,Hồ Chí Minh,Experienced,2.0,15.0,25.0,20.0,0,0,0,0,0,1,2026-09-25T22:02:04.552Z,CareerViet,https://careerviet.vn/vi/tim-viec-lam/chuyen-vien-van-hanh-he-thong-tieng-trung.35C84988.html,Chuyên Viên Vận Hành Hệ Thống (TIẾNG TRUNG),"Chuyên Viên Vận Hành Hệ Thống TIẾNG TRUNG, Nhân Viên Vận Hành Hệ Thống"
35C83577,Other,Hà Nội,Intern,,5.0,6.0,5.5,0,0,0,0,0,0,2026-09-13T22:00:34.111Z,CareerViet,https://careerviet.vn/vi/tim-viec-lam/cong-tac-vien-quan-ly-rui-ro-cntt.35C83577.html,Cộng tác viên - Quản lý Rủi ro CNTT,"ITRisk, TechnologyRisk, ITGovernance, TPBankCareers"
35C820B8,Other,Hồ Chí Minh,Experienced,1.0,10.0,12.0,11.0,0,0,0,0,0,0,2026-10-04T22:01:35.307Z,CareerViet,https://careerviet.vn/vi/tim-viec-lam/customer-success.35C820B8.html,Customer Success,"Hỗ trợ kỹ thuật, Technical Support Executive, customer success"
35C7FCCA,Cybersecurity,Hà Nội,Experienced,1.0,20.0,30.0,25.0,0,0,0,0,0,0,2026-09-18T22:01:06.147Z,CareerViet,https://careerviet.vn/vi/tim-viec-lam/cv-an-toan-thong-tin-it-nhat-1-nam-lam-pentest-ung-dung.35C7FCCA.html,CV An toàn thông tin (Ít nhất 1 năm làm Pentest ứng dụng),"CV An toàn thông tin Ít nhất  năm làm Pentest ứng dụng, information security, Pentest"
35C88995,Data Analyst,Hà Nội,Experienced,1.0,12.0,16.0,14.0,0,0,0,0,0,0,2026-10-04T20:00:37.466Z,CareerViet,https://careerviet.vn/vi/tim-viec-lam/data-analyst.35C88995.html,Data Analyst,"Data Analyst, Cộng tác viên xử lý dữ liệu, Nhân viên xử lý dữ liệu, Data Mining, Data validation, Data analysis specialist, Data Processing, Data Processing Officer, Data Processing Staff"
35C87909,Other,Hà Nội,Experienced,2.0,20.0,34.0,27.0,0,0,0,0,0,0,2026-10-01T20:01:20.270Z,CareerViet,https://careerviet.vn/vi/tim-viec-lam/hn-cvc-cvcc-nghiep-vu-the-trung-tam-the-khoi-ngan-hang-so.35C87909.html,[HN] CVC/CVCC NGHIỆP VỤ THẺ - TRUNG TÂM THẺ - KHỐI NGÂN HÀNG SỐ,
35C808E7,IT Support,Hà Nội,Experienced,1.0,8.0,9.5,8.75,0,0,0,0,0,0,2026-09-22T22:01:13.234Z,CareerViet,https://careerviet.vn/vi/tim-viec-lam/i1-it-support.35C808E7.html,[I1] IT SUPPORT,"Technical assistant, Service engineer, Nhân viên hỗ trợ kỹ thuật, IT Support Assistant, IT Staff, IT Manager, Nhân viên IT, Chuyên viên IT, IT Engineer"
35C8391B,IT Support,Đà Nẵng,Manager,3.0,11.0,11.5,11.25,0,0,0,0,0,0,2026-09-16T22:01:34.457Z,CareerViet,https://careerviet.vn/vi/tim-viec-lam/i1-teamlead-it-support-da-nang.35C8391B.html,[I1] Teamlead IT Support (Đà Nẵng),"[I] Teamlead IT Support Đà Nẵng, IT Helpdesk, Service engineer, Nhân viên hỗ trợ kỹ thuật, IT Staff, Nhân viên IT, Chuyên viên IT"
35C87B2E,Other,Hà Nội,Experienced,1.0,14.0,20.0,17.0,0,0,0,0,0,0,2026-10-04T20:02:08.877Z,CareerViet,https://careerviet.vn/vi/tim-viec-lam/it-administrative-officer.35C87B2E.html,IT Administrative Officer,"Administration Specialist, Admin Assistant cum Interpreter, HR Consultant, Nhân viên hành chánh tổng vụ biết tiếng Nhật, Nhân viên phòng nhân sự Nhật ngữ, Administrator cum Accountant, Junior Administrator, Junior HR Admin Executive, Nhân viên bộ phận hành chánh, Trợ lý hành chánh tổng vụ"
35C7F556,Other,Hồ Chí Minh,Experienced,3.0,18.0,20.0,19.0,0,0,0,0,0,0,2026-09-14T22:00:52.704Z,CareerViet,https://careerviet.vn/vi/tim-viec-lam/it-auditor_chuyen-vien-kiem-toan-cong-nghe-thong-tin.35C7F556.html,IT Auditor_Chuyên Viên Kiểm Toán Công Nghệ Thông Tin,
35C866E2,Other,Hồ Chí Minh,Experienced,3.0,18.0,20.0,19.0,0,0,0,0,0,0,2026-09-29T20:03:17.943Z,CareerViet,https://careerviet.vn/vi/tim-viec-lam/it-auditor_chuyen-vien-kiem-toan-cong-nghe-thong-tin.35C866E2.html,IT Auditor_Chuyên Viên Kiểm Toán Công Nghệ Thông Tin,
35C86C63,Business Analyst,Hà Nội,Experienced,2.0,18.0,30.0,24.0,0,0,0,0,0,0,2026-10-02T20:00:42.236Z,CareerViet,https://careerviet.vn/vi/tim-viec-lam/it-business-analyst-erp-trien-khai-quan-tri-he-thong-lam-viec-tai-khu-ngoai-giao-doan.35C86C63.html,IT Business Analyst (ERP) – Triển Khai & Quản Trị Hệ Thống – Làm việc tại Khu Ngoại Giao Đoàn,
35C86525,Business Analyst,Hà Nội,Experienced,2.0,12.0,20.0,16.0,0,0,0,0,0,0,2026-09-28T20:05:35.025Z,CareerViet,https://careerviet.vn/vi/tim-viec-lam/it-business-analyst.35C86525.html,IT Business Analyst,"IT Business Analyst, web product mananger, IT product mananger, IT Business Support Analyst, Software Business Analyst, Phân Tích Hệ Thống Kinh Doanh, Hệ thống thông tin quản lý, Chuyên viên phân tích hệ thống"
35C88683,Business Analyst,Hà Nội,Experienced,2.0,18.0,30.0,24.0,0,0,0,0,0,0,2026-10-01T20:00:37.032Z,CareerViet,https://careerviet.vn/vi/tim-viec-lam/it-business-analyst.35C88683.html,IT Business Analyst,"web product mananger, IT Business Analyst, IT product mananger, IT Business Support Analyst, Software Business Analyst, Phân Tích Hệ Thống Kinh Doanh, Hệ thống thông tin quản lý, Chuyên viên phân tích hệ thống"
35C875E6,IT Support,Tây Ninh,Experienced,1.0,10.0,15.0,12.5,0,0,0,0,0,0,2026-09-30T20:03:13.184Z,CareerViet,https://careerviet.vn/vi/tim-viec-lam/it-helpdesk.35C875E6.html,IT Helpdesk,"IT Helpdesk, Technical assistant, Service engineer, Nhân viên hỗ trợ kỹ thuật, IT Support Assistant, IT support"
35C87E13,IT Support,Hà Nội,Experienced,2.0,12.0,16.0,14.0,0,0,0,0,0,0,2026-09-28T20:01:21.899Z,CareerViet,https://careerviet.vn/vi/tim-viec-lam/it-helpdesk.35C87E13.html,IT Helpdesk,"IT Helpdesk, Technical assistant, Service engineer, Nhân viên hỗ trợ kỹ thuật, IT Support Assistant, IT support, Senior IT, system IT"
35C86A8B,Other,Hồ Chí Minh,Manager,3.0,35.0,55.0,45.0,0,0,0,0,0,0,2026-09-11T03:20:25.218Z,CareerViet,https://careerviet.vn/vi/tim-viec-lam/it-manager.35C86A8B.html,IT Manager,"IT Manager, Giám đốc IT, Trưởng phòng IT, Senior BA, Trưởng phòng CNTT"
35C87FF0,Other,Hồ Chí Minh,Experienced,1.0,10.0,15.0,12.5,0,0,0,0,0,0,2026-09-22T09:01:26.108Z,CareerViet,https://careerviet.vn/vi/tim-viec-lam/it-phan-cung-va-phan-mem.35C87FF0.html,IT Phần cứng và Phần mềm,
35C7FB6A,Other,Hà Nội,Manager,5.0,40.0,50.0,45.0,0,0,0,0,0,0,2026-09-15T22:01:12.283Z,CareerViet,https://careerviet.vn/vi/tim-viec-lam/it-process-improvement-manager.35C7FB6A.html,IT Process Improvement Manager,"Purchasing, Nhân viên mua hàng  Staff, Associates  Accountant, Staff/ Executive/ Supervisor/ Manager, purchasing staff, Executive, specialist, Coordinator, Supervisor, officier"
35C88C27,IT Support,Hồ Chí Minh,Experienced,1.0,16.0,18.0,17.0,0,0,0,0,0,0,2026-09-29T07:46:45.614Z,CareerViet,https://careerviet.vn/vi/tim-viec-lam/it-support.35C88C27.html,IT Support,
35C8248B,Other,Long An,Experienced,1.0,10.0,12.0,11.0,0,0,0,0,0,1,2026-09-05T22:00:54.079Z,CareerViet,https://careerviet.vn/vi/tim-viec-lam/it-system-support-nhan-vien-ho-tro-he-thong-cntt.35C8248B.html,IT System Support – Nhân Viên Hỗ Trợ Hệ Thống CNTT,
35C88A8C,Other,Hà Nội,Experienced,3.0,18.0,25.0,21.5,0,0,0,0,0,0,2026-10-04T20:01:09.223Z,CareerViet,https://careerviet.vn/vi/tim-viec-lam/ke-toan-tong-hop.35C88A8C.html,Kế Toán Tổng Hợp,"Kế Toán Tổng Hợp, General Accountant"
35C87EA2,Other,Nhiều địa điểm,Experienced,2.0,15.0,15.0,15.0,0,0,0,0,0,0,2026-09-28T20:02:07.674Z,CareerViet,https://careerviet.vn/vi/tim-viec-lam/ky-su-it.35C87EA2.html,Kỹ sư IT,"Kỹ sư IT, Nhân viên IT triển khai phần mềm, Kỹ sư hệ thống, System Engineer, IT Specialist, Chuyên viên IT, Nhân viên IT"
35C843B5,Other,Hồ Chí Minh,Experienced,1.0,10.0,12.0,11.0,0,0,0,0,0,0,2026-09-21T22:00:23.132Z,CareerViet,https://careerviet.vn/vi/tim-viec-lam/ky-thuat-dien-dien-nhe-it.35C843B5.html,KỸ THUẬT ĐIỆN – ĐIỆN NHẸ/IT,"KỸ THUẬT ĐIỆN – ĐIỆN NHẸ/IT, Technician, Technical Specialist, Nhân viên kỹ thuật"
35C83339,Other,Bình Dương,Experienced,1.0,10.0,15.0,12.5,0,0,0,0,0,0,2026-09-12T22:02:03.828Z,CareerViet,https://careerviet.vn/vi/tim-viec-lam/lap-trinh-vien-c.35C83339.html,LẬP TRÌNH VIÊN C#,
35C8348A,Other,Hà Nam,Experienced,1.0,10.0,25.0,17.5,0,0,0,0,0,0,2026-09-13T22:01:03.033Z,CareerViet,https://careerviet.vn/vi/tim-viec-lam/lap-trinh-vien-phan-mem-mes-kho-c-vb6.35C8348A.html,LẬP TRÌNH VIÊN PHẦN MỀM MES & KHO (C# / VB6),LẬP TRÌNH VIÊN PHẦN MỀM MES & KHO (C# / VB6)
35C85F76,ERP/SAP,Hồ Chí Minh,Lead,3.0,25.0,30.0,27.5,0,0,0,0,0,0,2026-09-06T14:50:23.037Z,CareerViet,https://careerviet.vn/vi/tim-viec-lam/lead-van-hanh-he-thong-crm-erp-hrm.35C85F76.html,LEAD VẬN HÀNH HỆ THỐNG CRM – ERP – HRM,
35C88876,Software Engineer,Hà Nội,Manager,5.0,25.0,30.0,27.5,0,0,0,0,0,0,2026-10-04T20:01:19.863Z,CareerViet,https://careerviet.vn/vi/tim-viec-lam/leader-developer.35C88876.html,Leader Developer,lập trình
35C87E98,Other,Hà Nội,Experienced,1.0,15.0,25.0,20.0,0,0,0,0,0,0,2026-09-28T20:00:17.232Z,CareerViet,https://careerviet.vn/vi/tim-viec-lam/linux-system-support-engineer.35C87E98.html,LINUX SYSTEM SUPPORT ENGINEER,"LINUX SYSTEM SUPPORT ENGINEER, developer, lập trình, php, Software Engineer, .Net, C/C++, IOS, Android"
35C86BC6,Business Analyst,Hồ Chí Minh,Middle/Senior,2.0,20.0,30.0,25.0,0,0,0,0,0,0,2026-09-11T09:10:20.822Z,CareerViet,https://careerviet.vn/vi/tim-viec-lam/middle-senior-business-analyst-he-thong-quan-ly-benh-vien-his.35C86BC6.html,MIDDLE/SENIOR BUSINESS ANALYST (HỆ THỐNG QUẢN LÝ BỆNH VIỆN - HIS),"MIDDLE/SENIOR BUSINESS ANALYST HỆ THỐNG QUẢN LÝ BỆNH VIỆN - HIS, Sales analyst, Analysts"
35C8602F,Network/System Engineer,Hồ Chí Minh,Experienced,3.0,15.0,22.0,18.5,0,0,0,0,0,0,2026-09-13T20:01:43.906Z,CareerViet,https://careerviet.vn/vi/tim-viec-lam/network-engineer-ky-su-mang.35C8602F.html,Network Engineer - Kỹ sư mạng,
35C839D2,Other,Hồ Chí Minh,Experienced,1.0,15.0,17.0,16.0,0,0,0,0,0,0,2026-09-17T22:01:01.568Z,CareerViet,https://careerviet.vn/vi/tim-viec-lam/nhan-vien-bao-tri-elv-he-thong-dien-nhe.35C839D2.html,NHÂN VIÊN BẢO TRÌ ELV (HỆ THỐNG ĐIỆN NHẸ),"Chuyên viên bảo trì, Nhân viên sửa máy, Nhân viên bảo dưỡng, Chuyên viên bảo dưỡng, Kỹ sư bảo dưỡng, Kỹ thuật viên bảo trì, Nhân viên kỹ thuật bảo trì, Kỹ sư bảo trì"
35C87036,Other,Hồ Chí Minh,Experienced,1.0,14.0,16.0,15.0,0,0,0,0,0,0,2026-10-04T20:03:00.072Z,CareerViet,https://careerviet.vn/vi/tim-viec-lam/nhan-vien-ha-tang-ngoai-vi.35C87036.html,Nhân viên Hạ tầng ngoại vi,"Nhân viên Điều hành hạ tầng ngoại vi, Associate Director, Associate Research Manager, Executive Assistant Manager Local"
35C7F594,IT Support,Hà Nội,Experienced,2.0,12.0,14.0,13.0,0,0,0,0,0,0,2026-09-14T22:01:56.504Z,CareerViet,https://careerviet.vn/vi/tim-viec-lam/nhan-vien-it-admin-it-support.35C7F594.html,NHÂN VIÊN IT ADMIN / IT SUPPORT,"NHÂN VIÊN IT ADMIN / IT SUPPORT, IT Engineer, IT support, IT Supervisor, nhân viên tin học, IT Helpdesk, IT Officer, IT Executive, IT Staff, IT Administrator"
35C86B2D,Business Analyst,Hà Nội,Experienced,2.0,15.0,18.0,16.5,0,0,0,0,0,0,2026-10-01T20:01:46.196Z,CareerViet,https://careerviet.vn/vi/tim-viec-lam/nhan-vien-it-ba-it-business-analyst.35C86B2D.html,NHÂN VIÊN IT BA (IT BUSINESS ANALYST),"NHÂN VIÊN IT BA IT BUSINESS ANALYST, web product mananger, IT product mananger, IT Business Support Analyst, Software Business Analyst, Phân Tích Hệ Thống Kinh Doanh, Hệ thống thông tin quản lý, Chuyên viên phân tích hệ thống"
35C87E73,IT Support,Hà Nội,Experienced,4.0,18.0,22.0,20.0,0,0,0,0,0,0,2026-09-28T20:01:22.867Z,CareerViet,https://careerviet.vn/vi/tim-viec-lam/nhan-vien-it-help-desk.35C87E73.html,NHÂN VIÊN IT HELP DESK,"IT Engineer, IT Specialist, IT Supervisor, IT Helpdesk, IT Officer, IT Executive, IT Staff, IT Administrator, NHÂN VIÊN IT HELP DESK, nhân viên tin học"
35C892C6,IT Support,Bà Rịa - Vũng Tàu,Experienced,,9.0,11.0,10.0,0,0,0,0,0,0,2026-10-02T04:50:53.474Z,CareerViet,https://careerviet.vn/vi/tim-viec-lam/nhan-vien-it-helpdesk-ba-ria-vung-tau.35C892C6.html,Nhân Viên IT Helpdesk - Bà Rịa - Vũng Tàu,"Nhân Viên IT Helpdesk - Bà Rịa - Vũng Tàu, IT Support Staff, IT Officer, & IT, IT support, Phụ trách kỹ thuật, Technical assistant, Service engineer, IT Support Assistant, IT Staff"
35C860EC,IT Support,Hồ Chí Minh,Junior,1.0,10.0,15.0,12.5,0,0,0,0,0,0,2026-09-07T04:56:54.618Z,CareerViet,https://careerviet.vn/vi/tim-viec-lam/nhan-vien-it-helpdesk-junior.35C860EC.html,NHÂN VIÊN IT HELPDESK (JUNIOR),
35C83485,IT Support,Hà Nam,Experienced,1.0,10.0,25.0,17.5,0,0,0,0,0,0,2026-09-13T22:01:12.531Z,CareerViet,https://careerviet.vn/vi/tim-viec-lam/nhan-vien-it-helpdesk-network.35C83485.html,NHÂN VIÊN IT HELPDESK & NETWORK,NHÂN VIÊN IT HELPDESK & NETWORK
35C83565,IT Support,Hà Nội,Experienced,2.0,13.0,17.0,15.0,0,0,0,0,0,0,2026-09-13T22:00:56.074Z,CareerViet,https://careerviet.vn/vi/tim-viec-lam/nhan-vien-it-helpdesk-thu-nhap-13-17tr-thang-tai-ha-noi.35C83565.html,Nhân viên IT Helpdesk - Thu nhập 13-17tr/ tháng - Tại Hà Nội,
35C85ECA,IT Support,Hồ Chí Minh,Experienced,1.0,12.0,13.0,12.5,0,0,0,0,0,0,2026-09-05T04:59:46.286Z,CareerViet,https://careerviet.vn/vi/tim-viec-lam/nhan-vien-it-helpdesk.35C85ECA.html,NHÂN VIÊN IT HELPDESK,
35C862FD,IT Support,Hà Nội,Experienced,2.0,13.0,15.0,14.0,0,0,0,0,0,0,2026-09-21T20:03:14.413Z,CareerViet,https://careerviet.vn/vi/tim-viec-lam/nhan-vien-it-support.35C862FD.html,Nhân viên IT support,
35C833DD,Other,Nhiều địa điểm,Experienced,1.0,13.0,35.0,24.0,0,0,0,0,0,0,2026-09-13T22:00:23.970Z,CareerViet,https://careerviet.vn/vi/tim-viec-lam/nhan-vien-it-tieng-trung-lam-tai-quang-ninh.35C833DD.html,"Nhân Viên IT (Tiếng Trung, làm tại Quảng Ninh)","Chuyên Viên Hệ Thống ERP, it"
35C88B89,Other,Hà Nội,Experienced,1.0,8.0,12.0,10.0,0,0,0,0,0,0,2026-09-29T04:10:07.686Z,CareerViet,https://careerviet.vn/vi/tim-viec-lam/nhan-vien-it-trien-khai.35C88B89.html,Nhân Viên IT Triển Khai,"Nhân Viên IT Triển Khai, IT Engineer, IT Specialist, IT support, IT Supervisor, nhân viên tin học, IT Helpdesk, IT Officer, IT Executive, IT Staff"
35C88679,Other,Hà Nội,Experienced,2.0,10.0,18.0,14.0,0,0,0,0,0,0,2026-10-01T20:00:27.885Z,CareerViet,https://careerviet.vn/vi/tim-viec-lam/nhan-vien-it-van-phong.35C88679.html,Nhân Viên IT (Văn Phòng),
35C8333A,Other,Bình Dương,Experienced,2.0,10.0,20.0,15.0,0,0,0,0,0,0,2026-09-12T22:02:09.810Z,CareerViet,https://careerviet.vn/vi/tim-viec-lam/nhan-vien-it-xu-ly-du-lieu-database.35C8333A.html,NHÂN VIÊN IT XỬ LÝ DỮ LIỆU DATABASE,
35C7F3B9,Other,Hà Nội,Experienced,2.0,12.0,14.0,13.0,0,0,0,0,0,0,2026-09-14T22:02:19.806Z,CareerViet,https://careerviet.vn/vi/tim-viec-lam/nhan-vien-it.35C7F3B9.html,NHÂN VIÊN IT,
35C835F3,Other,Hà Nam,Experienced,1.0,8.0,11.0,9.5,0,0,0,0,0,0,2026-10-05T01:31:13.054Z,CareerViet,https://careerviet.vn/vi/tim-viec-lam/nhan-vien-it.35C835F3.html,Nhân viên IT,"IT Engineer, IT Specialist, IT support, IT Supervisor, nhân viên tin học, IT Helpdesk, IT Officer, IT Executive, IT Staff, IT Administrator"
35C84493,Other,Hà Nội,Experienced,3.0,15.0,16.0,15.5,0,0,0,0,0,0,2026-09-23T22:00:49.378Z,CareerViet,https://careerviet.vn/vi/tim-viec-lam/nhan-vien-it.35C84493.html,NHÂN VIÊN IT,"NV HÀNH CHÍNH DỰ ÁN ĐÀ LẠT, NHÂN VIÊN IT, IT Engineer, IT Specialist, IT support, IT Supervisor, nhân viên tin học, IT Helpdesk, IT Officer, IT Executive, Hardware, Network, IT Staff, IT Administrator, IT - Phần cứng/Mạng, IT - Quản trị Mạng, Nhân Viên Máy Vi Tính, system IT, IT system administrator, IT Networking, Help Desk, Technical Support Specialist, Kỹ Thuật Tin Học, Chuyên viên IT"
35C875CF,Other,Đồng Nai,Experienced,2.0,20.0,22.0,21.0,0,0,0,0,0,0,2026-09-30T20:03:17.869Z,CareerViet,https://careerviet.vn/vi/tim-viec-lam/nhan-vien-it.35C875CF.html,Nhân Viên IT,
35C879C1,Other,Cao Bằng,Experienced,1.0,10.0,12.0,11.0,0,0,0,0,0,0,2026-10-01T20:01:18.568Z,CareerViet,https://careerviet.vn/vi/tim-viec-lam/nhan-vien-it.35C879C1.html,Nhân viên IT,"IT Engineer, IT Specialist, IT support, IT Supervisor, nhân viên tin học, IT Helpdesk, IT Officer, IT Executive, IT Staff, IT Administrator"
35C88E0E,Other,Hồ Chí Minh,Experienced,,10.0,12.0,11.0,0,0,0,0,0,0,2026-09-30T06:36:35.596Z,CareerViet,https://careerviet.vn/vi/tim-viec-lam/nhan-vien-it.35C88E0E.html,Nhân viên IT,"Nhân viên IT, IT Specialist, IT support, nhân viên tin học, IT Helpdesk, IT Officer, IT Executive, IT Staff, IT Administrator"
35C82E27,Other,Hà Nội,Experienced,2.0,19.0,25.0,22.0,0,0,0,0,0,0,2026-09-10T22:03:01.770Z,CareerViet,https://careerviet.vn/vi/tim-viec-lam/nhan-vien-kinh-doanh.35C82E27.html,Nhân Viên Kinh Doanh,"Nhân Viên Kinh Doanh, Đại diện kinh doanh, Nhân viên phòng kinh doanh, Sales Executive, Chuyên Viên Kinh Doanh, Sales Dept"
35C840D2,Other,Nhiều địa điểm,Experienced,,8.0,25.0,16.5,0,0,0,0,0,0,2026-09-19T22:02:01.497Z,CareerViet,https://careerviet.vn/vi/tim-viec-lam/nhan-vien-kinh-doanh.35C840D2.html,Nhân Viên Kinh Doanh,"Nhân Viên Kinh Doanh, Đại diện kinh doanh, Nhân viên phòng kinh doanh, Telesales, Sales Dept"
35C8546D,Other,Hà Nội,Experienced,2.0,17.0,25.0,21.0,0,0,0,0,0,0,2026-10-03T22:01:21.563Z,CareerViet,https://careerviet.vn/vi/tim-viec-lam/nhan-vien-kinh-doanh.35C8546D.html,Nhân Viên Kinh Doanh,
35C89488,Other,Hồ Chí Minh,Experienced,1.0,11.0,15.0,13.0,0,0,0,0,0,0,2026-10-03T01:57:29.218Z,CareerViet,https://careerviet.vn/vi/tim-viec-lam/nhan-vien-phan-tich-du-lieu-va-quan-tri-website.35C89488.html,Nhân Viên Phân tích Dữ liệu Và Quản trị website,"web product mananger, IT product mananger, IT Business Analyst, IT Business Support Analyst, Software Business Analyst, Phân Tích Hệ Thống Kinh Doanh, Hệ thống thông tin quản lý, Chuyên viên phân tích hệ thống, Business Intelligence, Seo Analyst"
35C89683,Business Analyst,Hà Nội,Experienced,2.0,13.0,20.0,16.5,0,0,0,0,0,0,2026-10-05T03:31:49.889Z,CareerViet,https://careerviet.vn/vi/tim-viec-lam/nhan-vien-phan-tich-nghiep-vu-business-analyst.35C89683.html,NHÂN VIÊN PHÂN TÍCH NGHIỆP VỤ (BUSINESS ANALYST),"NHÂN VIÊN PHÂN TÍCH NGHIỆP VỤ BUSINESS ANALYST, web product mananger, IT Business Analyst, IT Business Support Analyst, Software Business Analyst, Chuyên viên phân tích hệ thống, Business Analyst, Business Intelligence"
35C87FA4,QA/Tester,Hà Nội,Experienced,2.0,15.0,20.0,17.5,0,0,0,0,0,0,2026-09-28T20:01:55.014Z,CareerViet,https://careerviet.vn/vi/tim-viec-lam/nhan-vien-tester.35C87FA4.html,Nhân viên Tester,"Nhân viên quản lý chất lượng, Quality Controler, QA/QC staff, Nhân viên KCS, Nhân viên QA/QC, Manual Test, Automation Test"
35C81629,Other,Đồng Nai,Experienced,1.0,9.0,15.0,12.0,0,0,0,0,0,0,2026-09-28T22:01:14.460Z,CareerViet,https://careerviet.vn/vi/tim-viec-lam/nhan-vien-van-phong-tieng-trung.35C81629.html,Nhân viên văn phòng - Tiếng Trung,"Nhân viên văn phòng, biên phiên dịch, trung quốc, thu mua, xuất nhập khẩu, chất lượng, trợ lý, sản xuất, tiếng trung, it"
35C7FF5D,Other,Hồ Chí Minh,Experienced,1.0,14.0,16.0,15.0,0,0,0,0,0,0,2026-09-18T22:01:11.504Z,CareerViet,https://careerviet.vn/vi/tim-viec-lam/nhan-vien-vo-tuyen.35C7FF5D.html,Nhân viên vô tuyến,
35C13B15,QA/Tester,Bình Dương,Experienced,2.0,15.0,25.0,20.0,0,0,0,0,0,0,2026-09-18T22:02:03.344Z,CareerViet,https://careerviet.vn/vi/tim-viec-lam/quality-assurance-quality-control.35C13B15.html,Quality Assurance / Quality Control,"qc engineer, kế toán thanh toán"
35C890CB,Other,Hồ Chí Minh,Experienced,1.0,7.5,8.75,8.12,0,0,0,0,0,0,2026-10-01T08:08:20.740Z,CareerViet,https://careerviet.vn/vi/tim-viec-lam/receptionist-cum-cso.35C890CB.html,Receptionist Cum CSO,"Receptionist Cum CSO, Tiếp tân, Lễ tân, Khánh tiết"
35C83584,Other,Hồ Chí Minh,Manager,3.0,20.0,30.0,25.0,0,0,0,0,0,0,2026-10-05T02:00:14.234Z,CareerViet,https://careerviet.vn/vi/tim-viec-lam/sales-manager-giai-phap-cntt-ha-tang-vien-thong-b2b.35C83584.html,Sales Manager (Giải Pháp CNTT/Hạ Tầng Viễn Thông) (B2B),"Sales Manager Giải Pháp CNTT/Hạ Tầng Viễn Thông BB, Sales Director, Giám đốc kinh doanh khu vực, Giám đốc kinh doanh vùng, Sales Section Manager, Sales Force Manager, Giám đốc kinh doanh, Sales B2B"
35C82559,Machine Learning Engineer,Hà Nội,Senior,5.0,35.0,50.0,42.5,0,0,0,0,0,0,2026-09-05T22:01:05.662Z,CareerViet,https://careerviet.vn/vi/tim-viec-lam/senior-ai-engineer-ba-dinh-hn-28716.35C82559.html,"Senior AI Engineer - Ba Đình, HN 28716","Nhân Viên Phòng Kế Toán, Credit Accountant, Cán bộ tài chính kế toán, Accounting Executive, Accountant cum Office Admin, Accountant and Administrative Staff, Kế toán kho vận, Nhân viên kế toán nhà máy, Chuyên viên kế toán chuyên quản, Nhân viên kế toán vật tư"
35C846A8,Business Analyst,Hà Nội,Senior,3.0,25.0,30.0,27.5,0,0,0,0,0,0,2026-09-24T22:01:19.813Z,CareerViet,https://careerviet.vn/vi/tim-viec-lam/senior-it-business-analyst-chuyen-vien-phan-tich-nghiep-vu-domain-fintech.35C846A8.html,Senior IT Business Analyst  - Chuyên Viên Phân Tích Nghiệp Vụ (Domain Fintech),"Senior IT Business Analyst  - Chuyên Viên Phân Tích Nghiệp Vụ Domain Fintech, Financial Analyst"
35C83336,Other,Bình Dương,Experienced,3.0,17.0,22.0,19.5,0,0,0,0,0,0,2026-09-12T22:01:43.462Z,CareerViet,https://careerviet.vn/vi/tim-viec-lam/servers-infrastructure-administrator.35C83336.html,Servers Infrastructure Administrator,
35C864EB,Fullstack Developer,Hà Nội,Lead,4.0,20.0,40.0,30.0,0,1,1,0,0,1,2026-09-29T20:02:56.361Z,CareerViet,https://careerviet.vn/vi/tim-viec-lam/tech-lead-fullstack.35C864EB.html,TECH LEAD – FULLSTACK,"TECH LEAD – FULLSTACK, Fullstack Ai Engineer, Fullstack Developers, Fullstack Development, Fullstack Digital Marketing, Fullstack Engineer, Fullstack Java Developer, Fullstack Js Developer, Fullstack Mobile Developer, Fullstack Nodejs Developer"
35C87C86,Other,Hà Nội,Experienced,1.0,15.0,20.0,17.5,0,0,0,0,0,0,2026-10-04T20:02:20.140Z,CareerViet,https://careerviet.vn/vi/tim-viec-lam/technical-ba-nhan-vien-phan-tich-nghiep-vu.35C87C86.html,Technical BA (Nhân viên phân tích  nghiệp vụ),"web product mananger, IT product mananger, IT Business Support Analyst, Software Business Analyst, Phân Tích Hệ Thống Kinh Doanh, Hệ thống thông tin quản lý, Chuyên viên phân tích hệ thống, Business Analyst, Business Intelligence"
35C87CBE,Other,Hồ Chí Minh,Experienced,1.0,10.0,15.0,12.5,0,0,0,0,0,0,2026-10-04T20:01:24.310Z,CareerViet,https://careerviet.vn/vi/tim-viec-lam/technical-specialist-aec.35C87CBE.html,Technical Specialist (AEC),"Technical Specialist AEC, Kiến trúc sư, Technical Engineer, Kỹ Sư Bim Hạ Tầng, Kỹ Sư Bim 3d Kết Cấu"
35C8515A,Other,Hồ Chí Minh,Fresher,,20.0,35.0,27.5,0,0,0,0,0,0,2026-09-07T07:58:49.132Z,CareerViet,https://careerviet.vn/vi/tim-viec-lam/thong-dich-vien-tieng-han-quoc.35C8515A.html,Thông dịch viên tiếng Hàn Quốc,"Biên dịch viên tiếng Hàn, Phiên dịch tiếng Hàn, Korean Interpreter, Thông dịch viên tiếng Hàn, Nhân viên biên dịch tiếng Hàn, Nhân viên phiên dịch tiếng Hàn, IT comtor"
35C8704F,Other,Hà Nội,Intern,,8.0,8.0,8.0,0,0,0,0,0,0,2026-09-14T11:12:01.207Z,CareerViet,https://careerviet.vn/vi/tim-viec-lam/thuc-tap-sinh-ky-thuat-phan-mem-development-engineer-intern.35C8704F.html,Thực tập sinh Kỹ thuật phần mềm (Development Engineer Intern),
35C844DB,Other,Hà Nội,Manager,3.0,25.0,40.0,32.5,0,0,0,0,0,0,2026-09-23T22:00:35.557Z,CareerViet,https://careerviet.vn/vi/tim-viec-lam/truong-ban-phat-trien-phan-mem-va-chuyen-doi-so.35C844DB.html,Trưởng ban phát triển phần mềm và chuyển đổi số,"Trưởng Bộ Phận Phát Triển Phần Mềm, Trưởng Nhóm Giải Pháp Công Nghệ Phần Mềm, Trưởng Nhóm Phát Triển Phần Mềm, Trưởng Nhóm Chuyển Đổi Số"
35C87557,Other,Hồ Chí Minh,Manager,5.0,24.0,33.0,28.5,0,0,0,0,0,0,2026-09-17T01:45:32.425Z,CareerViet,https://careerviet.vn/vi/tim-viec-lam/truong-bo-phan-chuyen-doi-so.35C87557.html,Trưởng Bộ Phận Chuyển Đổi Số,
35C83348,Other,Hồ Chí Minh,Manager,2.0,30.0,35.0,32.5,0,0,0,0,0,0,2026-10-05T02:00:14.234Z,CareerViet,https://careerviet.vn/vi/tim-viec-lam/truong-bo-phan-quan-ly-rui-ro-cntt-va-tuan-thu.35C83348.html,Trưởng bộ phận Quản lý rủi ro CNTT và Tuân thủ,"TBP Tuân thủ CNTT, IT Governance Team Leader, Senior IT Risk Management, IT Security, Quản lý rủi ro CNTT"
35C8230C,Other,Hồ Chí Minh,Manager,3.0,20.0,30.0,25.0,0,0,0,0,0,0,2026-09-05T22:01:21.122Z,CareerViet,https://careerviet.vn/vi/tim-viec-lam/truong-nhom-ha-tang-cong-nghe-thong-tin.35C8230C.html,Trưởng Nhóm Hạ Tầng Công Nghệ Thông Tin,
35C8748B,Other,Hồ Chí Minh,Manager,3.0,25.0,35.0,30.0,0,0,0,0,0,0,2026-09-29T20:01:41.062Z,CareerViet,https://careerviet.vn/vi/tim-viec-lam/truong-nhom-he-thong-kinh-doanh-cntt-ecom-it-business-system.35C8748B.html,Trưởng Nhóm Hệ Thống Kinh Doanh - CNTT (Ecom - IT Business System),"Trưởng Nhóm Hệ Thống Kinh Doanh - CNTT Ecom - IT Business System, Business Systems Analyst, IT Business Analyst, Chuyên viên phân tích hệ thống doanh nghiệp, Systems Analyst"
35C85BED,Other,Hà Nội,Lead,5.0,45.0,45.0,45.0,0,0,0,0,0,0,2026-10-04T22:00:45.647Z,CareerViet,https://careerviet.vn/vi/tim-viec-lam/truong-nhom-lap-trinh-va-phat-trien-san-pham-tech-lead.35C85BED.html,Trưởng nhóm Lập trình và phát triển sản phẩm (Tech Lead),"Trưởng nhóm Lập trình và phát triển sản phẩm Tech Lead, Developer leader, Trưởng phòng CNTT, Trưởng phòng lập trình, Quản lý sản xuất phần mềm, Software Team Leader, Leader Programmer, Development Team Leader, Database Team Leader, Trưởng Nhóm Phát Triển Website"
35C86514,Other,Hồ Chí Minh,Manager,3.0,60.0,70.0,65.0,1,0,0,0,0,0,2026-09-28T20:05:09.595Z,CareerViet,https://careerviet.vn/vi/tim-viec-lam/truong-phong-du-lieu-tri-tue-nhan-tao.35C86514.html,Trưởng phòng Dữ liệu & Trí tuệ Nhân tạo,"Trưởng phòng Dữ liệu, Trí tuệ Nhân tạo, AI Strategy, Data Architecture, Machine Learning, ETL Pipeline, Team Leadership, Python, TensorFlow, Cloud AI"
35C86AD1,Other,Hồ Chí Minh,Manager,5.0,18.0,25.0,21.5,0,0,0,0,0,0,2026-09-11T04:58:38.787Z,CareerViet,https://careerviet.vn/vi/tim-viec-lam/truong-phong-it.35C86AD1.html,TRƯỞNG PHÒNG IT,"Trưởng Phòng IT, Head of IT, Trưởng phòng CNTT, Trưởng phòng công nghệ thông tin, Giám đốc IT CNTT, Giám đốc IT công nghệ thông tin, IT Manager, Information Technology Manager, CTO, Chief Technology Officer"
35C81449,Other,Hà Nội,Manager,5.0,40.0,60.0,50.0,0,0,0,0,0,0,2026-09-27T22:01:10.665Z,CareerViet,https://careerviet.vn/vi/tim-viec-lam/truong-phong-van-hanh-ecommerce-tai-upbase_tech-driven-ecommerce-enabler.35C81449.html,Trưởng Phòng Vận Hành Ecommerce Tại UpBase_Tech-Driven Ecommerce Enabler,"Head of Office, Ecommerce Manager, Head of Ecommerce"
35C86214,Other,Hồ Chí Minh,Experienced,1.0,12.0,14.0,13.0,0,0,0,0,0,0,2026-09-27T20:05:03.724Z,CareerViet,https://careerviet.vn/vi/tim-viec-lam/tuyen-dung-ky-thuat-lap-dat-digital-signage.35C86214.html,TUYỂN DỤNG: KỸ THUẬT LẮP ĐẶT – DIGITAL SIGNAGE,
35C8615A,Network/System Engineer,Hà Nội,Experienced,3.0,12.0,20.0,16.0,0,0,0,0,0,0,2026-09-27T20:04:02.827Z,CareerViet,https://careerviet.vn/vi/tim-viec-lam/tuyen-gap-ky-su-he-thong-system-engineer.35C8615A.html,Tuyển Gấp - Kỹ Sư Hệ Thống (System Engineer),
35C87A96,Other,Hà Nội,Experienced,3.0,20.0,30.0,25.0,0,0,0,0,0,0,2026-10-02T20:00:41.051Z,CareerViet,https://careerviet.vn/vi/tim-viec-lam/ai-automation-engineer-edutech.35C87A96.html,AI Automation Engineer (Edutech),"Nhân viên điện công trình, llm, api"
35C88194,Backend Developer,Hồ Chí Minh,Experienced,3.0,1.0,1.0,1.0,1,1,1,0,1,1,2026-09-29T20:01:16.694Z,CareerViet,https://careerviet.vn/vi/tim-viec-lam/back-end-engineer-ruby-on-rails-infrastructure.35C88194.html,Back End Engineer - Ruby on Rails / Infrastructure,"developer, Java, C/C++, .NET, JavaScript, NodeJS, Ruby on Rails, Python, AWS, Ruby"
35C88056,Backend Developer,Hồ Chí Minh,Experienced,3.0,35.0,45.0,40.0,1,1,1,0,0,0,2026-09-28T20:01:44.327Z,CareerViet,https://careerviet.vn/vi/tim-viec-lam/backend-developer.35C88056.html,Backend Developer,"Backend Developer, Backend Developer Fresher, Backend Developer Intern, Backend Developer-mobile App, Backend Engineer, Backend Full Stack Python Developer, Backend Internship, Backend Java Engineer, Backend Nodejs"
35C84857,Software Engineer,Hà Nội,Experienced,2.0,15.0,20.0,17.5,0,0,0,0,0,0,2026-09-24T22:01:18.415Z,CareerViet,https://careerviet.vn/vi/tim-viec-lam/c-developer.35C84857.html,C# Developer,
35C873AC,DevOps Engineer,Hà Nội,Experienced,2.0,17.0,25.0,21.0,0,0,0,0,0,0,2026-09-29T20:02:43.261Z,CareerViet,https://careerviet.vn/vi/tim-viec-lam/chuyen-vien-an-ninh-bao-mat-ha-tang-devops-du-an-meey-chat.35C873AC.html,Chuyên Viên An Ninh Bảo Mật (Hạ Tầng) - DevOps (Dự Án Meey Chat),"Chuyên Viên An Ninh Bảo Mật Hạ Tầng - DevOps Dự Án Meey Chat, Security Specialist, Cybersecurity Specialist, Chuyên viên an ninh bảo mật hệ thống thông tin"
35C88A74,DevOps Engineer,Hải Phòng,Intern,,2.5,3.75,3.12,0,0,0,0,0,1,2026-09-28T10:11:58.219Z,CareerViet,https://careerviet.vn/vi/tim-viec-lam/devops-internship-remote.35C88A74.html,DevOps Internship (Remote),"DevOps Internship Remote, Nhân viên thực tập, Thực tập sinh, Nhân viên thực tập nước ngoài"
35C88A83,DevOps Engineer,Hà Nội,Experienced,3.0,20.0,28.0,24.0,0,0,0,0,0,0,2026-10-04T20:00:57.110Z,CareerViet,https://careerviet.vn/vi/tim-viec-lam/devops-platform-engineer.35C88A83.html,DevOps/Platform Engineer,"DevOps/Platform Engineer, DevOps Engineer, Site Reliability Engineer, Infrastructure Engineer, Systems Engineer, Platform Engineer, Automation Engineer"
35C86B8D,Java Developer,Hà Nội,Senior,3.0,28.0,35.0,31.5,0,1,0,0,0,0,2026-10-01T20:01:42.632Z,CareerViet,https://careerviet.vn/vi/tim-viec-lam/java-developer-midlevel-senior-lead.35C86B8D.html,Java Developer (Midlevel/Senior/Lead),"Java Developer Midlevel/Senior/Lead, java, Công nghệ thông tin"
35C86A23,Backend Developer,Hà Nội,Experienced,3.0,20.0,30.0,25.0,0,0,0,0,0,0,2026-09-17T20:01:27.521Z,CareerViet,https://careerviet.vn/vi/tim-viec-lam/lap-trinh-vien-backend.35C86A23.html,Lập trình viên Backend,"Lập trình viên Backend, Game Developer, Advert Developer, Mobile Appication Developer, Lập Trình Viên Mobile App, Lập trình viên android, Mobile Application, mobile Developer, lập trình viên mobile, Lập Trình ứng Dụng Trên Di Động"
35C84028,Network/System Engineer,Nhiều địa điểm,Experienced,3.0,45.0,45.0,45.0,0,0,0,0,0,0,2026-09-19T22:01:32.183Z,CareerViet,https://careerviet.vn/vi/tim-viec-lam/system-engineer.35C84028.html,System Engineer,
35C864AA,Network/System Engineer,Hà Nội,Experienced,3.0,45.0,45.0,45.0,0,0,0,0,0,0,2026-09-28T20:05:00.454Z,CareerViet,https://careerviet.vn/vi/tim-viec-lam/system-engineer.35C864AA.html,System Engineer,
35C864AB,Network/System Engineer,Hồ Chí Minh,Experienced,3.0,45.0,45.0,45.0,0,0,0,0,0,0,2026-09-28T20:05:31.276Z,CareerViet,https://careerviet.vn/vi/tim-viec-lam/system-engineer.35C864AB.html,System Engineer,
35C884E0,Other,Hà Nội,Manager,,20.0,40.0,30.0,0,0,0,0,0,0,2026-09-30T20:00:46.049Z,CareerViet,https://careerviet.vn/vi/tim-viec-lam/truong-nhom-an-ninh-mang-nghien-cuu-bao-mat.35C884E0.html,Trưởng nhóm An ninh mạng & Nghiên cứu bảo mật,
35C88C7C,Other,Hà Nội,Manager,7.0,35.0,50.0,42.5,0,0,0,0,0,0,2026-09-29T09:26:17.146Z,CareerViet,https://careerviet.vn/vi/tim-viec-lam/truong-nhom-ha-tang.35C88C7C.html,Trưởng nhóm hạ tầng,"Trưởng nhóm hạ tầng, Team Leader, Supervisor, Trưởng Tổ Nhóm, Infrastructure Lead, Infrastructure Architect Senior"
35C86BA1,QA/Tester,Hà Nội,Experienced,2.0,18.0,20.0,19.0,0,0,0,0,0,0,2026-10-01T20:01:40.326Z,CareerViet,https://careerviet.vn/vi/tim-viec-lam/chuyen-vien-kiem-thu-phan-mem-tester.35C86BA1.html,Chuyên Viên Kiểm Thử phần mềm - Tester,"Chuyên Viên Kiểm Thử phần mềm - Tester, Tester, Kiểm thử phần mềm, QA/QC, Automation, API test"
35C88682,Other,Hà Nội,Experienced,1.0,15.0,25.0,20.0,0,0,0,0,0,0,2026-10-01T20:00:38.049Z,CareerViet,https://careerviet.vn/vi/tim-viec-lam/chuyen-vien-kiem-thu-phan-mem.35C88682.html,Chuyên viên kiểm thử phần mềm,"Chuyên viên kiểm thử phần mềm, Chuyên viên kiểm định phần mềm, Nhân viên kiểm thử phần mềm, Software Tester"
35C87B81,Business Analyst,Hà Nội,Experienced,2.0,20.0,30.0,25.0,0,0,0,0,0,0,2026-10-04T20:01:51.374Z,CareerViet,https://careerviet.vn/vi/tim-viec-lam/chuyen-vien-phan-tich-nghiep-vu-business-analyst-ba.35C87B81.html,CHUYÊN VIÊN PHÂN TÍCH NGHIỆP VỤ (Business Analyst - BA),"CHUYÊN VIÊN PHÂN TÍCH NGHIỆP VỤ Business Analyst - BA, Financial Analyst"
35C87339,QA/Tester,Hà Nội,Experienced,2.0,10.0,15.0,12.5,0,0,0,0,0,0,2026-09-29T20:02:07.229Z,CareerViet,https://careerviet.vn/vi/tim-viec-lam/chuyen-vien-tester-qa.35C87339.html,CHUYÊN VIÊN TESTER / QA,"CHUYÊN VIÊN TESTER / QA, Nhân viên quản lý chất lượng, Quality Controler, QA/QC staff, Nhân viên KCS, Nhân viên QA/QC, Nhân viên kiểm thử, Manual Test, Automation Test"
35C86A21,Frontend Developer,Hà Nội,Experienced,3.0,20.0,35.0,27.5,0,0,0,0,0,0,2026-09-11T01:51:19.691Z,CareerViet,https://careerviet.vn/vi/tim-viec-lam/lap-trinh-vien-frontend.35C86A21.html,Lập trình viên Frontend,"Lập trình viên Frontend, Game Developer, Advert Developer, Mobile Appication Developer, Lập Trình Viên Mobile App, Lập trình viên android, Mobile Application, mobile Developer, lập trình viên mobile, Lập Trình ứng Dụng Trên Di Động"
35C84F8B,QA/Tester,Hà Nội,Experienced,2.0,13.0,25.0,19.0,0,0,0,0,0,0,2026-09-27T22:00:35.364Z,CareerViet,https://careerviet.vn/vi/tim-viec-lam/manual-tester-saas-product-e-commerce-agile.35C84F8B.html,"Manual Tester (Saas, Product E-Commerce, Agile)","Manual Tester Saas Product E-Commerce Agile, Nhân viên kiểm thử phần mềm, Software Tester, Tester, QC, QA/QC, tp solar, chungauto"
35C8632A,QA/Tester,Hà Nội,Experienced,1.0,10.0,16.0,13.0,0,0,0,0,0,0,2026-09-28T20:05:18.206Z,CareerViet,https://careerviet.vn/vi/tim-viec-lam/nhan-vien-tester.35C8632A.html,Nhân viên Tester,
35C8739D,Product Manager,Hà Nội,Experienced,2.0,25.0,30.0,27.5,0,0,0,0,0,0,2026-09-29T20:02:08.856Z,CareerViet,https://careerviet.vn/vi/tim-viec-lam/product-owner-du-an-meey-chat.35C8739D.html,Product Owner (Dự Án Meey Chat),"Product Owner, PO"
35C8704D,QA/Tester,Hà Nội,Intern,,8.0,8.0,8.0,0,0,0,0,0,0,2026-09-14T11:12:49.383Z,CareerViet,https://careerviet.vn/vi/tim-viec-lam/thuc-tap-sinh-tester.35C8704D.html,Thực tập sinh Tester,
35C866FD,Business Analyst,Hà Nội,Experienced,1.0,12.0,25.0,18.5,0,0,0,0,0,0,2026-09-29T20:03:37.908Z,CareerViet,https://careerviet.vn/vi/tim-viec-lam/business-analyst-chuyen-vien-phan-tich-nghiep-vu.35C866FD.html,Business Analyst - Chuyên viên Phân tích Nghiệp vụ,
35C88A2E,Business Analyst,Hồ Chí Minh,Experienced,1.0,13.0,18.0,15.5,0,0,0,0,0,0,2026-09-28T09:06:08.240Z,CareerViet,https://careerviet.vn/vi/tim-viec-lam/business-analyst-odoo-erp.35C88A2E.html,BUSINESS ANALYST (ODOO ERP),"BUSINESS ANALYST ODOO ERP, Sales analyst, Analysts"
35C85499,Business Analyst,Hà Nội,Lead,3.0,30.0,40.0,35.0,0,0,0,0,0,0,2026-10-03T22:00:47.968Z,CareerViet,https://careerviet.vn/vi/tim-viec-lam/business-analyst-team-lead-truong-nhom-phan-tich-nghiep-vu-domain-fintech.35C85499.html,Business Analyst Team Lead - Trưởng nhóm Phân Tích Nghiệp Vụ (Domain Fintech),"Business Analyst Team Lead - Trưởng nhóm Phân Tích Nghiệp Vụ Domain Fintech, Business Analyst Team Lead, BA Team Leader, Trưởng Nhóm Phân Tích Nghiệp Vụ Hệ Thống"
35C88A48,Other,Hà Nội,Experienced,3.0,20.0,30.0,25.0,0,0,0,0,0,0,2026-10-04T20:00:49.226Z,CareerViet,https://careerviet.vn/vi/tim-viec-lam/business-development-blockchain-web3.35C88A48.html,Business Development (Blockchain/Web3),"Business Development Blockchain/Web, BB Business Development Specialist Salesforce, Salesforce BB BD Executive, Chuyên viên phát triển kinh doanh BB sử dụng Salesforce, Salesforce BB BD Representative"
35C87381,Fullstack Developer,Hà Nội,Experienced,2.0,17.0,25.0,21.0,0,0,0,0,0,0,2026-09-29T20:02:43.351Z,CareerViet,https://careerviet.vn/vi/tim-viec-lam/chuyen-vien-lap-trinh-fullstack-du-an-meey-chat.35C87381.html,Chuyên Viên Lập Trình Fullstack (Dự Án Meey Chat),"Chuyên Viên Lập Trình Fullstack Dự Án Meey Chat, lập trình viên, web developer, web programmer, Fullstack, Full Stack Developer"
35C8738C,Other,Hà Nội,Experienced,1.0,15.0,20.0,17.5,0,0,0,0,0,0,2026-09-29T20:01:59.710Z,CareerViet,https://careerviet.vn/vi/tim-viec-lam/chuyen-vien-lap-trinh-ung-dung-du-an-meey-chat.35C8738C.html,Chuyên Viên Lập Trình Ứng Dụng (Dự Án Meey Chat),"Chuyên Viên Lập Trình Ứng Dụng Dự Án Meey Chat, lập trình viên, mobile Developer, Lập Trình Viên Mobile App"
35C865D3,Business Analyst,Hà Nội,Experienced,2.0,12.0,20.0,16.0,0,0,0,0,0,0,2026-09-29T20:03:29.231Z,CareerViet,https://careerviet.vn/vi/tim-viec-lam/chuyen-vien-phan-tich-nghiep-vu-ba-business-analyst.35C865D3.html,Chuyên viên phân tích nghiệp vụ BA - Business Analyst,
35C828A8,Other,Hà Nội,Experienced,3.0,25.0,30.0,27.5,0,0,0,0,0,0,2026-09-07T22:00:23.026Z,CareerViet,https://careerviet.vn/vi/tim-viec-lam/chuyen-vien-phan-tich-nghiep-vu-ba.35C828A8.html,Chuyên Viên Phân Tích Nghiệp Vụ (BA),"Chuyên Viên Phân Tích Nghiệp Vụ BA, BA, business analyst"
35C86081,ERP/SAP,Hà Nội,Experienced,2.0,18.0,25.0,21.5,0,0,0,0,0,0,2026-09-27T20:04:31.386Z,CareerViet,https://careerviet.vn/vi/tim-viec-lam/chuyen-vien-phan-tich-nghiep-vu-erp.35C86081.html,Chuyên viên Phân tích nghiệp vụ ERP,"BA, phân tích nghiệp vụ, ERP"
35C8372C,Other,Hà Nội,Experienced,2.0,10.0,25.0,17.5,0,0,0,0,0,0,2026-09-16T22:01:25.391Z,CareerViet,https://careerviet.vn/vi/tim-viec-lam/chuyen-vien-phan-tich-nghiep-vu.35C8372C.html,Chuyên viên Phân tích Nghiệp vụ,
35C86494,Product Manager,Hà Nội,Experienced,2.0,20.0,30.0,25.0,0,0,0,0,0,0,2026-09-28T20:04:29.859Z,CareerViet,https://careerviet.vn/vi/tim-viec-lam/chuyen-vien-phat-trien-san-pham-product-owner.35C86494.html,Chuyên Viên Phát Triển Sản Phẩm (Product Owner),"Chuyên Viên Phát Triển Sản Phẩm Product Owner, Chuyên viên phát triển sản phẩm"
35C87102,Business Analyst,Hồ Chí Minh,Experienced,2.0,14.0,15.0,14.5,0,0,0,0,0,0,2026-09-15T02:45:28.125Z,CareerViet,https://careerviet.vn/vi/tim-viec-lam/i1-business-analyst-ba-hcm.35C87102.html,[I1] Business Analyst (BA) HCM,"[I] Business Analyst BA, Sales analyst, Analysts"
35C835EA,Other,Hà Nội,Experienced,2.0,32.0,35.0,33.5,0,0,0,0,0,0,2026-09-13T22:01:20.199Z,CareerViet,https://careerviet.vn/vi/tim-viec-lam/ky-su-ban-hang-co-tieng-nhat-ba-dinh-hn-28755.35C835EA.html,"Kỹ sư bán hàng có Tiếng Nhật - Ba Đình, HN 28755","Kỹ sư bán hàng có Tiếng Nhật - Ba Đình HN, Sales Engineer, Kỹ sư kinh doanh, Technical, Service Engineer"
35C88873,Backend Developer,Hà Nội,Middle,2.0,18.0,22.0,20.0,1,1,1,0,0,0,2026-10-04T20:01:04.089Z,CareerViet,https://careerviet.vn/vi/tim-viec-lam/middle-backend-developer.35C88873.html,Middle Backend Developer,"Backend Developẻ, Backend Developer Fresher, Backend Developer Intern, Backend Developer-mobile App, Backend Engineer, Backend Full Stack Python Developer, Backend Internship, Backend Java Engineer, Backend Nodejs"
35C8841D,Fullstack Developer,Hồ Chí Minh,Experienced,1.0,11.0,18.0,14.5,0,0,0,0,0,0,2026-09-24T06:32:26.774Z,CareerViet,https://careerviet.vn/vi/tim-viec-lam/nhan-vien-lap-trinh-fullstack.35C8841D.html,Nhân Viên Lập Trình Fullstack,
35C88655,Backend Developer,Hồ Chí Minh,Senior,3.0,20.0,27.0,23.5,1,1,1,0,0,0,2026-10-01T20:00:28.037Z,CareerViet,https://careerviet.vn/vi/tim-viec-lam/senior-backend-developer.35C88655.html,Senior Backend Developer,"Backend Developẻ, Backend Developer, Backend Developer-mobile App, Backend Engineer, Backend Full Stack Python Developer, Backend Nodejs, Backend Developer Fresher, Backend Developer Intern, Backend Internship, Backend Java Engineer"
35C8575C,Other,Hà Nội,Experienced,2.0,15.0,25.0,20.0,0,0,0,0,0,0,2026-10-03T22:01:23.031Z,CareerViet,https://careerviet.vn/vi/tim-viec-lam/chuyen-vien-phan-tich-du-lieu.35C8575C.html,Chuyên Viên Phân Tích Dữ Liệu,"Cộng tác viên xử lý dữ liệu, Data Mining, Data validation, Data Processing, Data Processing Specialist, Data Processing Officer"
35C87A98,Other,Hồ Chí Minh,Experienced,2.0,12.0,20.0,16.0,0,0,0,0,0,0,2026-10-02T20:00:34.346Z,CareerViet,https://careerviet.vn/vi/tim-viec-lam/chuyen-vien-van-hanh-va-quan-tri-ha-tang-mang.35C87A98.html,Chuyên viên Vận hành và Quản trị Hạ tầng mạng,
35C87912,Database Administrator,Hồ Chí Minh,Experienced,2.0,20.0,36.0,28.0,0,0,0,0,0,0,2026-10-01T20:01:07.588Z,CareerViet,https://careerviet.vn/vi/tim-viec-lam/cv-cvc-cvcc-quan-tri-co-so-du-lieu-database-administrator-dba.35C87912.html,CV/CVC/CVCC Quản Trị Cơ Sở Dữ Liệu /Database Administrator - DBA,"Data Analyst, Cộng tác viên xử lý dữ liệu, Nhân viên xử lý dữ liệu, Data Mining, Data validation, Data analysis specialist, Data Processing, Data Processing Executive, Data Processing Specialist, Data Processing Officer"
35C8818A,Data Engineer,Hà Nội,Experienced,,10.0,15.0,12.5,0,0,0,0,0,0,2026-09-29T20:01:18.024Z,CareerViet,https://careerviet.vn/vi/tim-viec-lam/ha-noi-tap-su-tiem-nang-data-engineer-de.35C8818A.html,[Hà Nội] Tập sự tiềm năng – Data Engineer (DE),"FreshDE2026, #TPBank, #DataEngineering, #DataEngineer, #Fresher"
35C889BC,Other,Hà Nội,Manager,4.0,35.0,50.0,42.5,0,0,0,0,0,0,2026-10-04T20:00:59.195Z,CareerViet,https://careerviet.vn/vi/tim-viec-lam/truong-bo-phan-du-lieu-ai.35C889BC.html,Trưởng bộ phận Dữ liêu & AI,
35C8712E,Other,Hà Nội,Experienced,1.0,15.0,20.0,17.5,0,0,0,0,0,0,2026-09-28T20:04:26.474Z,CareerViet,https://careerviet.vn/vi/tim-viec-lam/lap-trinh-vien.35C8712E.html,Lập trình viên,
35C87FDB,PHP Developer,Hà Nội,Experienced,1.0,18.0,23.0,20.5,0,0,0,0,0,0,2026-09-28T20:00:47.550Z,CareerViet,https://careerviet.vn/vi/tim-viec-lam/nhan-vien-lap-trinh-php.35C87FDB.html,Nhân viên Lập trình PHP,
35C87BDE,Software Engineer,Hồ Chí Minh,Experienced,1.0,12.0,25.0,18.5,0,0,0,0,0,0,2026-09-27T20:00:45.195Z,CareerViet,https://careerviet.vn/vi/tim-viec-lam/software-engineer.35C87BDE.html,Software Engineer,
35C85ED0,Other,Hồ Chí Minh,Intern,,0.5,0.5,0.5,0,0,0,0,0,0,2026-09-05T05:09:27.885Z,CareerViet,https://careerviet.vn/vi/tim-viec-lam/thuc-tap-sinh-lap-trinh-vien.35C85ED0.html,Thực tập sinh lập trình viên,
35C8643C,Other,Hà Nội,Manager,3.0,30.0,45.0,37.5,0,0,0,0,0,0,2026-09-28T20:05:16.233Z,CareerViet,https://careerviet.vn/vi/tim-viec-lam/truong-nhom-phat-trien-phan-mem.35C8643C.html,Trưởng nhóm Phát triển phần mềm,"Trưởng nhóm Phát triển phần mềm, Software Development Team Lead, Software Engineering Team Leader"
35C80114,Other,Hồ Chí Minh,Experienced,4.0,30.0,30.0,30.0,0,0,0,0,0,0,2026-09-19T22:01:49.895Z,CareerViet,https://careerviet.vn/vi/tim-viec-lam/132703-effect-designer-gaming.35C80114.html,132703 - Effect Designer - Gaming,"Nhân viên thiết kế, Chuyên viên thiết kế, - Effect Designer - Gaming"
35C84E9D,Other,Hồ Chí Minh,Experienced,3.0,18.0,18.0,18.0,0,0,0,0,0,0,2026-09-27T22:01:51.463Z,CareerViet,https://careerviet.vn/vi/tim-viec-lam/business-development-executive-saas-merchant-solutions.35C84E9D.html,Business Development Executive (SaaS / Merchant Solutions),
35C7FDE9,Other,Hà Nội,Experienced,2.0,25.0,35.0,30.0,0,0,0,0,0,0,2026-09-18T22:01:47.763Z,CareerViet,https://careerviet.vn/vi/tim-viec-lam/chuyen-vien-ai-automation.35C7FDE9.html,Chuyên viên AI Automation,
35C87B58,Other,Hà Nội,Experienced,2.0,25.0,25.0,25.0,0,0,0,0,0,0,2026-10-04T20:02:16.567Z,CareerViet,https://careerviet.vn/vi/tim-viec-lam/chuyen-vien-khoa-hoc-du-lieu.35C87B58.html,Chuyên Viên Khoa Học Dữ Liệu,"Chuyên Viên Khoa Học Dữ Liệu, Data Scientist, Data Science Specialist, Chuyên viên nghiên cứu khoa học dữ liệu"
35C84F88,Other,Hà Nội,Experienced,2.0,20.0,40.0,30.0,0,0,0,0,0,0,2026-09-27T22:02:13.215Z,CareerViet,https://careerviet.vn/vi/tim-viec-lam/chuyen-vien-kinh-doanh-business-development-saas-lark-suite.35C84F88.html,Chuyên Viên Kinh Doanh - Business Development SaaS Lark Suite,"Đại Diện Kinh Doanh Thương Mại, Chuyên viên kinh doanh dự án, Chuyên Viên Kinh Doanh Thiết Bị Nhiệt, seedcom"
35C828BC,Other,Hồ Chí Minh,Experienced,1.0,8.0,50.0,29.0,0,0,0,0,0,0,2026-09-08T22:00:23.610Z,CareerViet,https://careerviet.vn/vi/tim-viec-lam/chuyen-vien-kinh-doanh-phan-mem.35C828BC.html,Chuyên Viên Kinh Doanh Phần Mềm,"Đại Diện Kinh Doanh Thương Mại, Chuyên viên kinh doanh dự án, Chuyên Viên Kinh Doanh Thiết Bị Nhiệt, Sales in Agricultural product, Boutique Sales Associate, Accounts Officer, Account Representative, Network Solution Account Manager, Nhân viên điều phối khách hàng, Nhân viên kinh doanh phụ trách dự án"
35C87849,Other,Hồ Chí Minh,Experienced,1.0,8.0,50.0,29.0,0,0,0,0,0,0,2026-10-01T20:01:12.884Z,CareerViet,https://careerviet.vn/vi/tim-viec-lam/chuyen-vien-kinh-doanh-phan-mem.35C87849.html,Chuyên Viên Kinh Doanh Phần Mềm,"Đại Diện Kinh Doanh Thương Mại, Chuyên viên kinh doanh dự án, Chuyên Viên Kinh Doanh Thiết Bị Nhiệt, Sales in Agricultural product, Boutique Sales Associate, Accounts Officer, Account Representative, Network Solution Account Manager, Nhân viên điều phối khách hàng, Nhân viên kinh doanh phụ trách dự án"
35C83730,Other,Hà Nội,Experienced,1.0,15.0,25.0,20.0,0,0,0,0,0,0,2026-09-16T22:02:09.393Z,CareerViet,https://careerviet.vn/vi/tim-viec-lam/chuyen-vien-lap-trinh-ai.35C83730.html,Chuyên viên Lập trình (AI),
35C891FA,ERP/SAP,Hà Nội,Experienced,5.0,15.0,25.0,20.0,0,0,0,0,0,0,2026-10-02T00:42:38.255Z,CareerViet,https://careerviet.vn/vi/tim-viec-lam/chuyen-vien-lap-trinh-bao-cao-cac-phan-he-sap.35C891FA.html,Chuyên viên lập trình báo cáo các phân hệ SAP,Chuyên viên lập trình báo cáo các phân hệ SAP
35C889AE,Other,Hà Nội,Experienced,1.0,12.0,16.0,14.0,0,0,0,0,0,0,2026-10-04T20:01:14.365Z,CareerViet,https://careerviet.vn/vi/tim-viec-lam/chuyen-vien-phat-trien-he-thong-dev.35C889AE.html,Chuyên Viên Phát Triển Hệ Thống (Dev),"Chuyên Viên Phát Triển Hệ Thống Dev, Business development officer"
35C81054,Product Manager,Hà Nội,Experienced,2.0,20.0,35.0,27.5,0,0,0,0,0,0,2026-09-26T22:00:52.278Z,CareerViet,https://careerviet.vn/vi/tim-viec-lam/chuyen-vien-phat-trien-san-pham-product-owner.35C81054.html,Chuyên Viên Phát Triển Sản Phẩm (Product Owner),"Chuyên Viên Phát Triển Sản Phẩm Product Owner, Chuyên viên phát triển sản phẩm, Professional, Associate, Coordinator, Product Owner, PO"
35C88637,Other,Hồ Chí Minh,Experienced,1.0,10.0,16.0,13.0,0,0,0,0,0,0,2026-10-01T20:00:38.920Z,CareerViet,https://careerviet.vn/vi/tim-viec-lam/chuyen-vien-quan-tri-va-van-hanh-he-thong-misa-amis.35C88637.html,Chuyên Viên Quản Trị Và Vận Hành Hệ Thống - Misa Amis,"Chuyên Viên Quản Trị Và Vận Hành Hệ Thống - Misa Amis, Nhân Viên Vận Hành Hệ Thống, Vận hành hệ thống, Quản trị phần mềm, MISA AMIS"
35C87855,Other,Hà Nội,Experienced,3.0,14.0,25.0,19.5,0,0,0,0,0,0,2026-10-01T20:01:11.482Z,CareerViet,https://careerviet.vn/vi/tim-viec-lam/chuyen-vien-scrum-master.35C87855.html,Chuyên Viên Scrum Master,
35C87054,Data Engineer,Nhiều địa điểm,Experienced,3.0,20.0,30.0,25.0,0,0,0,0,0,0,2026-10-04T20:02:54.862Z,CareerViet,https://careerviet.vn/vi/tim-viec-lam/data-engineer-big-data-working-in-hai-phong.35C87054.html,"Data Engineer (Big Data, working in Hai Phong)",ai engineer
35C7F3F0,Fullstack Developer,Hà Nội,Experienced,3.0,25.0,32.5,28.75,0,0,0,0,0,0,2026-09-14T22:00:59.165Z,CareerViet,https://careerviet.vn/vi/tim-viec-lam/fullstack-developer-shopify.35C7F3F0.html,Fullstack Developer (Shopify),"Fullstack Ai, Fullstack Ai Engineer, Fullstack Developers, Fullstack Development, Fullstack Digital Marketing, Fullstack Engineer, pod foods, red apple media and advertising"
35C89697,Other,Hồ Chí Minh,Experienced,1.0,7.5,8.0,7.75,0,0,0,0,0,0,2026-10-05T03:43:39.857Z,CareerViet,https://careerviet.vn/vi/tim-viec-lam/giao-vien-day-lap-trinh-robotics-co-yeu-cau-tieng-anh.35C89697.html,Giáo Viên Dạy Lâp Trình & Robotics (Có yêu cầu tiếng anh),
35C837CF,Project Manager,Hồ Chí Minh,Manager,1.0,20.0,45.0,32.5,0,0,0,0,0,0,2026-09-18T22:01:54.114Z,CareerViet,https://careerviet.vn/vi/tim-viec-lam/korean-speaking-project-manager-project-coordinator.35C837CF.html,Korean-Speaking Project Manager / Project Coordinator,"Project Assistant, Project executive, Giám sát dự án, Project engineer, Trợ lý dự án, Điều phối viên dự án, Nhân viên điều phối dự án, Chuyên viên điều phối dự án, Assistant Project Manager"
35C8327E,Other,Hà Nội,Experienced,2.0,20.0,40.0,30.0,0,0,0,0,0,0,2026-09-12T22:00:38.510Z,CareerViet,https://careerviet.vn/vi/tim-viec-lam/ky-su-bao-mat-cntt.35C8327E.html,Kỹ sư Bảo mật CNTT,"Kỹ sư Bảo mật, Kỹ sư Bảo mật CNTT"
35C87201,Other,Hồ Chí Minh,Experienced,2.0,11.0,18.0,14.5,0,0,0,0,0,0,2026-09-28T20:02:47.376Z,CareerViet,https://careerviet.vn/vi/tim-viec-lam/ky-su-co-dien.35C87201.html,Kỹ sư cơ điện,"Kỹ sư MEP, Kỹ sư hệ thống cơ điện, Kỹ sư kỹ thuật M&E, Kỹ sư cơ điện công trình, Kỹ sư lắp đặt cơ điện, Kỹ sư kỹ thuật điện cơ, Kỹ Sư Pccc, PCCC"
35C32FB4,Other,Long An,Experienced,1.0,10.0,15.0,12.5,0,0,0,0,0,0,2026-09-29T20:03:23.599Z,CareerViet,https://careerviet.vn/vi/tim-viec-lam/ky-su-dien-lap-trinh-plc-hmi.35C32FB4.html,Kỹ Sư Điện Lập Trình PLC HMI,"kỹ sư giám sát điện, electrical engineer, kỹ sư cơ điện công trình, kỹ sư m&e, m&e engineer, kỹ sư thiết kế hệ thống điện, chuyên viên kỹ thuật điện, nhân viên điện công trình, Lập Trình Plc"
35C8657F,Mobile Developer,Hà Nội,Senior,4.0,20.0,40.0,30.0,0,0,0,0,0,0,2026-09-29T20:03:13.812Z,CareerViet,https://careerviet.vn/vi/tim-viec-lam/lead-mobile-developer-senior.35C8657F.html,LEAD MOBILE DEVELOPER (SENIOR),"LEAD MOBILE DEVELOPER SENIOR, lập trình viên, Android CI, Lập trình viên android, mobile Developer, Senior Mobile Developer"
35C8840C,Machine Learning Engineer,Hồ Chí Minh,Experienced,1.0,12.0,25.0,18.5,0,0,0,0,0,0,2026-09-30T20:01:07.497Z,CareerViet,https://careerviet.vn/vi/tim-viec-lam/machine-learning-engineer.35C8840C.html,Machine Learning Engineer,
35C88A0B,Other,Hà Nội,Experienced,2.0,20.0,30.0,25.0,0,0,0,0,0,0,2026-10-04T20:00:47.085Z,CareerViet,https://careerviet.vn/vi/tim-viec-lam/marketing-executive-blockchain-web3.35C88A0B.html,Marketing Executive (Blockchain/Web3),"Marketing Executive Blockchain/Web, Nhân viên Marketing, Marketer, Offline, Marketing Specialist"
35C86549,Backend Developer,Hồ Chí Minh,Middle,1.0,28.0,35.0,31.5,0,0,0,0,0,0,2026-09-09T01:55:24.820Z,CareerViet,https://careerviet.vn/vi/tim-viec-lam/middle-backend-developer-net-core-sql.35C86549.html,MIDDLE BACKEND DEVELOPER (.NET Core / SQL),
35C8048D,ERP/SAP,Hà Nội,Fresher,1.0,14.0,16.0,15.0,0,0,0,0,0,0,2026-09-20T22:01:19.151Z,CareerViet,https://careerviet.vn/vi/tim-viec-lam/odoo-developer-fresher-junior.35C8048D.html,ODOO DEVELOPER FRESHER/JUNIOR,
35C864B4,Cybersecurity,Hà Nội,Experienced,3.0,35.0,35.0,35.0,0,0,0,0,0,0,2026-09-28T20:05:02.078Z,CareerViet,https://careerviet.vn/vi/tim-viec-lam/postsale-security-engineer.35C864B4.html,Postsale Security Engineer,
35C8665E,Other,Hà Nội,Manager,2.0,20.0,25.0,22.5,0,0,0,0,0,0,2026-09-29T20:03:12.473Z,CareerViet,https://careerviet.vn/vi/tim-viec-lam/product-growth-marketing.35C8665E.html,Product Growth Marketing,"Product Growth Marketing, Marketing & Growth, Growth Marketing Executive"
35C86523,Product Manager,Hà Nội,Experienced,2.0,20.0,30.0,25.0,0,0,0,0,0,0,2026-09-28T20:05:30.214Z,CareerViet,https://careerviet.vn/vi/tim-viec-lam/product-owner-meey-map-meey-ai-meey-value.35C86523.html,Product Owner (Meey Map/Meey AI/Meey Value),"Technical Production, Product Owner, Kỹ Sư Nghiên Cứu Phát Triển Sản Phẩm, Cvcc Phát Triển Sản Phẩm Số, Cvcc Phát Triển Sản Phẩm Khách Hàng Doanh Nghiệp, Chuyên viên phát triển sản phẩm"
35C86AE1,Other,Hồ Chí Minh,Intern,,0.5,0.5,0.5,0,0,0,0,0,0,2026-09-11T05:09:22.507Z,CareerViet,https://careerviet.vn/vi/tim-viec-lam/thuc-tap-sinh-kinh-doanh-website-phan-mem.35C86AE1.html,Thực Tập Sinh Kinh Doanh Website Phần Mềm,
35C7E5FD,Other,Hưng Yên,Manager,3.0,50.0,75.0,62.5,0,0,0,0,0,0,2026-09-08T22:00:55.380Z,CareerViet,https://careerviet.vn/vi/tim-viec-lam/truong-phong-thiet-ke-dien-tu.35C7E5FD.html,Trưởng phòng thiết kế điện tử,Trưởng phòng thiết kế điện tử
35C872AB,Other,Hưng Yên,Manager,3.0,50.0,75.0,62.5,0,0,0,0,0,0,2026-09-28T20:03:08.699Z,CareerViet,https://careerviet.vn/vi/tim-viec-lam/truong-phong-thiet-ke-dien-tu.35C872AB.html,Trưởng phòng thiết kế điện tử,Trưởng phòng thiết kế điện tử
35C8687C,Other,Hồ Chí Minh,Experienced,,10.0,12.0,11.0,0,0,0,0,0,0,2026-09-30T20:04:40.841Z,CareerViet,https://careerviet.vn/vi/tim-viec-lam/tuyen-gap-quan-tri-va-van-hanh-he-thong-misa-amis-khong-kinh-nghiem.35C8687C.html,Tuyển Gấp | Quản Trị Và Vận Hành Hệ Thống - Misa Amis - Không Kinh Nghiệm,"Tuyển Gấp  Quản Trị Và Vận Hành Hệ Thống - Misa Amis - Không Kinh Nghiệm, Nhân Viên Vận Hành Hệ Thống"
